128.63	-2.2214	-1.5376	-3.4836	-2.8949	-1.5236	-4.4937	-4.536	-3.9995	-4.09	-1.3683	-4.7683
134.21	-2.9554	-1.9354	-3.3798	-3.5036	-2.2947	-4.5387	-4.2925	-3.9152	-4.5603	-2.174	-3.7015
142.85	-1.5052	-1.8421	-3.5071	-2.544	-1.7278	-4.3453	-4.6543	-3.8968	-3.3643	-1.6987	-5.5837
143.7	-2.8834	-2.6977	-2.807	-3.0296	-2.7408	-2.9075	-3.9746	-3.627	-3.9895	-2.6691	-3.2909
144.93	-3.5763	-2.3714	-3.5043	-3.5794	-3.3782	-3.1465	-2.9581	-3.8969	-4.4809	-3.1103	-2.0953
147.07	-4.903	-2.5274	-3.5217	-3.4829	-2.3823	-2.7872	-3.0984	-3.7959	-4.0218	-2.2344	-1.9921
147.21	-2.4065	-2.4177	-3.3177	-2.9029	-1.285	-3.1831	-4.4099	-3.781	-3.4429	-1.371	-3.7079
147.81	-2.8285	-2.2748	-2.9421	-3.3632	-2.3203	-4.47	-3.676	-3.6836	-4.3369	-2.3311	-2.7334
149.35	-4.9109	-3.2857	-2.3454	-3.2008	-2.2278	-2.0651	-2.9271	-3.581	-4.4518	-2.2612	-1.9764
149.69	-3.0461	-3.0748	-3.1645	-2.6348	-3.6331	-2.8385	-3.3001	-3.7767	-3.6289	-5.7062	-2.4248
151.25	-2.0647	-1.2603	-3.5224	-2.8377	-2.7181	-3.3594	-3.8645	-3.8582	-3.3489	-2.7511	-2.5637
152.24	-2.2033	-2.4079	-3.4235	-2.9645	-3.6886	-5.5948	-3.8818	-3.7224	-3.5041	-4.638	-2.9691
152.27	-5.2877	-3.6979	-2.2869	-2.9869	-2.5666	-1.9898	-2.4106	-3.5503	-4.2627	-2.4279	-1.4994
152.59	-3.6336	-1.1427	-3.6015	-3.6149	-3.1171	-3.1174	-3.5862	-3.8602	-4.2961	-2.7487	-2.6104
152.73	-2.4057	-2.6829	-3.3125	-3.0091	-3.2402	-3.8496	-3.639	-3.7346	-3.518	-3.3182	-2.7609
153.54	-3.408	-2.1915	-2.9268	-3.5602	-2.4432	-4.0712	-4.3133	-3.9208	-5.3506	-2.4852	-5.9344
153.88	-2.5683	-2.7931	-3.041	-3.0347	-2.5603	-3.1988	-3.9465	-3.6418	-3.6142	-2.653	-3.0447
154.38	-2.6965	-2.7739	-3.3811	-2.9223	-2.9558	-3.0921	-4.3403	-3.7339	-3.3959	-2.8127	-4.8517
155.61	-2.7266	-1.8175	-2.8399	-3.0015	-2.7431	-5.4276	-4.2748	-3.7541	-4.3418	-2.7439	-5.3976
156.48	-3.6218	-2.9532	-2.354	-3.3308	-2.9905	-2.1872	-3.8091	-3.5145	-4.5177	-2.955	-3.0558
157.08	-3.4896	-2.1535	-2.5336	-3.3496	-2.4897	-2.8519	-4.1451	-3.8091	-5.0808	-2.2588	-4.204
157.27	-3.2034	-2.285	-2.348	-3.4038	-2.6296	-3.4767	-3.6384	-3.5233	-4.5967	-2.5382	-2.8378
157.31	-5.8155	-3.254	-3.4829	-3.1134	-1.8692	-2.6967	-3.9497	-3.751	-3.5155	-1.6778	-2.9205
157.63	-4.6324	-3.2921	-2.0649	-2.9453	-3.0595	-1.798	-3.6651	-3.4712	-4.2961	-3.0763	-2.9373
157.92	-3.8536	-3.1621	-3.4313	-3.0709	-3.4607	-2.9398	-3.1873	-3.7534	-3.5346	-3.466	-2.2262
158.44	-2.4776	-2.5473	-3.1738	-3.1526	-3.2225	-5.0884	-2.9875	-3.6183	-3.6473	-3.2672	-1.9757
158.74	-2.9114	-2.3415	-3.5465	-2.7022	-2.0645	-2.9131	-3.7188	-3.7611	-3.1511	-1.8328	-2.6054
158.81	-3.112	-1.4763	-3.6107	-2.5658	-3.1104	-3.0211	-2.4227	-3.9078	-3.1751	-2.7881	-1.3561
159.35	-3.7814	-2.8851	-3.4213	-3.4071	-3.6456	-3.0217	-1.9983	-3.7354	-3.9305	-5.7176	-1.0552
160.07	-2.9681	-1.9063	-3.0944	-3.1183	-2.7526	-4.5082	-4.304	-4.0623	-5.3842	-2.576	-5.8026
160.41	-3.6804	-3.0007	-2.0629	-3.3071	-2.318	-1.8886	-3.8712	-3.4643	-4.6084	-2.3211	-3.2264
160.51	-3.0286	-2.6668	-2.0866	-3.1838	-1.6587	-4.568	-2.5872	-3.5458	-4.4652	-1.8694	-1.5468
161.2	-2.9183	-3.0514	-3.0386	-2.7842	-3.4483	-2.7929	-3.0826	-3.6074	-3.3716	-3.953	-2.1438
161.2	-2.8626	-1.8149	-3.1988	-3.3655	-3.171	-5.5319	-4.1527	-3.6987	-4.151	-2.9802	-3.6169
161.83	-3.4648	-2.4138	-2.3926	-3.3762	-1.8671	-2.7435	-4.2286	-3.7956	-5.2299	-1.8253	-4.2442
162.08	-4.7512	-2.2867	-3.6491	-3.1112	-2.8168	-2.7609	-4.2038	-3.799	-3.4792	-2.6031	-3.0236
163.03	-4.959	-2.8559	-3.6126	-3.3302	-2.1235	-2.4991	-3.9934	-3.7865	-3.7457	-2.0061	-2.7058
163.33	-3.4476	-3.0297	-3.3525	-3.4019	-3.5747	-3.0394	-3.7403	-3.6828	-3.884	-3.9637	-2.7507
163.55	-3.6251	-3.0949	-1.9197	-3.0908	-1.9744	-1.6954	-3.653	-3.4951	-4.3749	-2.4315	-2.745
164.47	-5.2839	-2.6255	-3.3386	-2.8937	-3.7039	-2.8406	-3.0872	-4.0116	-4.7758	-4.1218	-2.1328
165.49	-3.6999	-1.1329	-3.6486	-3.698	-3.431	-3.1619	-2.5767	-3.8366	-4.3308	-2.9372	-1.6882
166.31	-3.7601	-2.3424	-1.0477	-3.6364	-3.4235	-3.4765	-2.9351	-2.985	-5.4327	-4.1289	-2.1226
166.51	-2.3156	-2.9193	-3.0787	-2.6756	-2.4628	-3.2647	-4.3758	-3.6624	-3.2053	-2.5978	-3.6871
166.73	-3.133	-2.8679	-2.8297	-3.5244	-2.8809	-4.3707	-3.6903	-3.5672	-4.3457	-2.7848	-2.8185
167.75	-3.5906	-2.6543	-2.0173	-3.6028	-2.974	-5.5214	-3.5525	-3.4384	-4.9203	-3.1378	-2.7355
169.09	-1.9849	-2.3358	-2.7651	-2.2491	-1.8512	-4.2665	-3.2238	-3.777	-3.605	-1.8983	-2.1701
170.08	-3.9588	-3.2673	-3.4241	-3.1541	-3.5417	-2.9269	-3.855	-3.7196	-3.522	-3.7999	-2.9581
170.93	-1.5044	-1.8851	-3.7415	-3.1008	-2.5561	-4.8963	-3.2898	-3.8946	-3.474	-2.3733	-1.9931
171.09	-4.6502	-3.0069	-3.7081	-3.0915	-1.268	-2.2639	-3.8458	-3.7788	-3.4832	-1.0016	-2.4801
171.16	-4.5507	-2.6394	-2.2571	-3.5608	-2.8141	-2.1798	-3.9741	-3.6931	-5.241	-2.6369	-3.4613
171.36	-2.1066	-2.2262	-3.6472	-2.6841	-2.6708	-2.8796	-3.7877	-3.8071	-3.07	-2.4818	-2.6036
171.56	-3.6266	-2.6142	-2.1391	-3.7002	-2.412	-3.2378	-3.6895	-3.4495	-4.9181	-2.4125	-2.9042
171.83	-1.2939	-2.4798	-3.3826	-2.6501	-2.6835	-4.4539	-4.5808	-3.7484	-3.1673	-2.8367	-5.0365
171.99	-3.1097	-1.2218	-3.0053	-3.5856	-2.4075	-4.2668	-3.2644	-3.7195	-4.3331	-2.9275	-2.1388
172.11	-2.1854	-1.2694	-3.1069	-2.7443	-2.0059	-4.4444	-2.933	-3.8024	-3.2796	-2.6426	-1.5967
172.23	-2.2246	-2.7409	-3.2614	-2.7157	-3.4056	-3.0881	-3.7973	-3.624	-3.1771	-3.3507	-2.9594
172.3	-3.1161	-2.856	-2.6073	-3.5408	-2.086	-3.1007	-4.3088	-3.6098	-4.4551	-2.6164	-5.8518
172.67	-1.5188	-1.8446	-3.5998	-3.1268	-2.1196	-3.3686	-4.7771	-3.7905	-3.5258	-2.0837	-5.9929
172.74	-3.4275	-2.6466	-2.5311	-3.689	-2.1899	-5.0499	-3.754	-3.5683	-4.6715	-2.3762	-2.8346
173.82	-2.3855	-1.3526	-3.674	-3.4793	-3.3673	-4.6426	-4.0287	-3.7408	-3.8746	-2.9057	-3.0779
174.71	-4.4138	-5.8971	-3.7255	-2.6525	-2.5901	-1.3917	-4.2327	-3.8991	-3.2972	-2.4221	-2.7891
175.1	-3.7497	-3.0442	-3.4205	-3.454	-3.4685	-2.9567	-2.7751	-3.6698	-3.8086	-3.6488	-1.7623
175.49	-3.3266	-2.2233	-1.1989	-3.4291	-3.4985	-3.8769	-3.3652	-2.9507	-4.9235	-5.0271	-2.6405
177.28	-2.3454	-1.2727	-3.2108	-3.6451	-1.1485	-3.3977	-3.407	-3.787	-4.2208	-1.8998	-2.0153
178.52	-2.5977	-1.2157	-3.4687	-3.4922	-3.4288	-5.4241	-4.2717	-3.6862	-3.9982	-3.0599	-4.8215
179	-2.042	-2.2748	-3.6471	-3.4147	-3.3863	-4.2155	-4.0068	-3.748	-3.7928	-3.1633	-2.9597
179.96	-3.712	-3.1681	-3.5488	-2.8488	-2.7754	-2.8729	-4.2856	-3.7515	-3.1291	-2.5529	-3.6055
180.08	-4.3464	-3.1044	-3.3824	-2.3856	-2.8813	-2.8324	-3.9396	-3.77	-2.8626	-2.7905	-3.0223
180.33	-3.8233	-2.5968	-1.2208	-3.797	-3.4493	-4.1763	-2.5062	-2.9658	-5.4817	-3.7767	-1.6896
180.39	-3.7021	-2.9783	-3.6252	-3.4819	-3.1785	-3.0321	-4.1161	-3.7962	-3.7674	-3.0739	-3.2252
180.62	-3.3083	-2.3809	-2.5922	-3.5818	-1.7668	-3.6833	-4.4249	-3.8294	-4.3459	-3.2576	-5.3401
182.41	-5.653	-2.7733	-3.7758	-2.7834	-3.1362	-2.0544	-4.2208	-3.8529	-3.2287	-2.7586	-2.8533
182.56	-3.768	-4.13	-3.7322	-3.2398	-2.6001	-1.8566	-4.1109	-3.8027	-3.6048	-2.3739	-2.6954
182.85	-4.119	-2.2453	-3.5926	-3.1917	-2.7064	-1.0807	-4.5533	-3.7917	-3.5969	-2.7562	-3.1268
183.74	-1.6917	-2.7359	-3.6745	-2.6835	-2.7134	-2.5283	-3.7501	-3.8277	-3.0956	-2.5227	-2.4168
184.32	-1.0977	-1.6855	-3.3835	-2.742	-1.9119	-4.7543	-4.029	-3.8003	-3.1231	-2.3743	-2.579
184.57	-1.7767	-2.66	-2.8508	-1.689	-3.1189	-3.922	-3.2076	-3.6191	-2.472	-3.2217	-2.2311
184.66	-5.8137	-1.7878	-3.5795	-3.0873	-2.3456	-1.0141	-4.4528	-3.7982	-3.4603	-2.449	-2.9492
184.79	-3.5068	-2.9457	-2.3464	-3.6532	-3.1815	-3.8816	-3.6773	-3.4473	-4.6147	-3.5869	-2.8807
185.39	-4.1858	-3.1372	-3.5826	-2.8832	-2.5352	-2.7828	-3.851	-3.7354	-3.1207	-2.2647	-2.821
186.21	-1.1608	-2.7645	-3.7274	-2.7479	-3.0971	-1.2147	-3.5563	-3.8091	-3.1655	-2.7793	-2.198
187.92	-3.7848	-2.8755	-2.8999	-3.9364	-1.619	-3.1899	-4.1475	-3.7515	-5.1287	-1.4447	-3.941
187.94	-3.5782	-4.2843	-1.8262	-2.8425	-2.4505	-1.5339	-2.1685	-3.4954	-4.2876	-2.6949	-1.2256
188.18	-3.999	-2.6018	-1.598	-3.8741	-3.5088	-5.4126	-3.4528	-3.1924	-5.5169	-4.0524	-2.7256
188.83	-3.5624	-3.223	-3.0218	-3.2901	-2.8994	-2.7218	-3.7921	-3.6306	-3.648	-3.5791	-2.723
190.74	-4.2785	-1.2164	-3.4807	-1.8057	-1.4522	-2.503	-4.8131	-3.83	-2.2931	-1.5977	-3.8357
190.74	-4.6773	-2.2641	-3.2598	-3.3363	-1.9472	-1.0328	-3.8018	-3.7638	-3.8518	-2.6142	-2.1879
191.19	-4.0007	-1.6308	-3.7678	-2.8596	-2.8823	-1.9242	-4.9387	-3.8193	-3.1808	-2.5996	-4.6963
191.25	-1.3057	-1.9301	-3.2211	-3.4444	-2.3483	-1.2548	-3.9315	-3.764	-4.0785	-2.9861	-2.357
191.96	-5.7689	-3.8881	-2.8543	-3.3963	-2.2397	-2.4562	-4.3948	-3.6514	-3.7893	-3.0126	-3.8177
192.04	-3.0171	-1.4719	-1.8771	-3.0771	-1.2333	-4.1981	-4.1754	-3.8099	-5.1243	-1.9175	-3.4951
192.07	-3.5904	-3.0901	-3.5149	-3.4382	-3.7841	-3.0647	-3.8277	-3.6374	-3.6882	-4.3467	-3.0958
192.16	-5.2998	-4.5807	-1.5026	-2.6964	-2.5714	-1.2118	-4.0912	-3.4371	-4.0677	-3.8514	-3.5781
193.46	-4.222	-1.9461	-3.8345	-2.8339	-3.4123	-1.7998	-4.8357	-3.8435	-3.2236	-2.9879	-5.8245
193.77	-1.3592	-2.7373	-3.0712	-3.4593	-2.317	-2.6244	-4.9909	-4.0184	-4.4461	-3.95	-4.7778
194.28	-1.1795	-2.3088	-2.888	-3.3085	-2.0739	-4.7485	-4.886	-3.9482	-4.23	-3.7756	-4.2248
195.64	-5.4575	-3.0646	-3.5401	-1.3592	-2.9932	-2.5908	-4.5444	-3.8023	-2.1465	-2.8968	-3.8624
196.01	-3.2479	-3.2618	-2.7336	-3.5836	-2.8734	-4.6302	-2.5891	-3.5317	-4.3479	-2.9953	-1.6038
196.65	-1.2743	-4.4939	-3.6142	-3.3657	-2.808	-1.9263	-4.0243	-3.7437	-3.6704	-2.7367	-2.5991
196.89	-3.6762	-2.9695	-2.2132	-3.7853	-3.2266	-3.0105	-2.8284	-3.3498	-4.7364	-3.7543	-1.916
197.2	-2.0369	-2.3239	-3.7408	-1.796	-3.3181	-2.881	-4.5935	-3.91	-2.4114	-2.978	-5.6931
198.13	-2.7505	-1.6291	-3.1812	-3.1896	-2.0728	-1.0299	-4.2046	-3.7312	-3.5911	-2.854	-2.5876
199	-1.1561	-2.4339	-3.7296	-3.678	-3.0317	-1.3742	-3.6695	-3.7799	-4.0925	-2.8108	-2.2759
199.56	-5.1153	-5.3792	-3.5976	-3.5051	-3.3157	-1.1881	-3.4243	-3.747	-3.9627	-3.2291	-2.1024
200.07	-5.9785	-2.8917	-2.223	-2.9418	-1.015	-1.7731	-2.2294	-4.02	-4.2108	-4.3847	-1.0139
201.48	-1.302	-2.3799	-3.7045	-3.3663	-3.3029	-3.4215	-2.7857	-3.7892	-3.6777	-3.1245	-1.6622
201.58	-3.6364	-2.8982	-2.0519	-3.6571	-1.4966	-5.1454	-3.134	-3.7553	-4.8686	-3.6081	-2.0184
202.02	-1.422	-2.2072	-2.7034	-1.6113	-3.4992	-3.0593	-3.442	-3.7024	-3.1048	-5.0966	-2.4853
202.11	-2.1813	-2.4634	-1.5941	-3.0854	-3.115	-5.091	-3.1734	-3.2882	-4.4571	-5.7489	-2.3317
202.99	-1.3111	-2.4274	-3.3357	-1.7861	-2.9634	-5.6868	-2.9966	-3.9669	-2.5657	-5.5677	-1.7204
203.03	-1.2985	-2.4038	-3.7808	-2.8497	-3.7434	-3.6872	-2.5217	-3.8141	-3.1618	-3.6364	-1.4063
203.63	-5.1937	-3.6712	-3.6735	-2.8521	-1.4498	-2.1721	-4.4453	-4.0459	-4.3676	-1.246	-3.1837
203.74	-3.6003	-3.0662	-3.5839	-3.2007	-3.5707	-3.0061	-3.5904	-3.7191	-3.3534	-3.7858	-2.5599
204.18	-5.876	-5.0482	-3.7744	-3.1851	-1.9999	-1.7225	-4.5161	-3.766	-3.3983	-1.7087	-3.2088
204.43	-1.3976	-3.8931	-3.6472	-2.6146	-2.7914	-1.8218	-3.3468	-3.7977	-2.8999	-2.6847	-1.8886
205.08	-3.7801	-3.2672	-2.9445	-3.1223	-2.1286	-1.3754	-4.1265	-3.6837	-3.549	-3.0849	-2.5728
205.88	-2.8141	-5.6726	-3.4088	-3.4705	-2.6405	-1.6413	-4.7206	-3.6939	-3.7991	-2.93	-3.356
206.06	-3.7655	-2.8456	-1.8516	-3.7241	-1.2176	-2.6781	-4.3656	-3.6843	-4.7349	-4.6184	-3.8917
206.17	-5.0882	-1.0014	-3.886	-3.5791	-3.678	-1.4478	-4.4912	-3.8956	-4.082	-3.1849	-3.4878
206.8	-1.0533	-1.7552	-3.2474	-3.7007	-2.342	-2.6599	-4.3571	-3.8622	-4.4187	-3.1083	-2.8625
206.89	-3.7787	-2.4403	-3.7061	-3.8	-2.7473	-1.9197	-3.6614	-3.7518	-4.2265	-2.6099	-2.257
207.03	-1.6327	-2.8819	-3.5081	-3.5987	-3.0203	-1.8143	-2.7502	-3.6909	-3.9664	-3.0308	-1.3799
207.1	-5.2459	-5.0578	-3.3867	-3.5719	-2.9934	-1.7705	-2.3374	-3.6861	-4.0484	-3.0486	-1.0304
208.26	-5.4434	-5.2465	-3.7499	-3.3565	-3.2196	-1.0141	-4.464	-3.7702	-3.61	-2.8725	-3.2046
208.52	-1.0034	-2.1049	-2.5241	-3.7814	-1.3434	-3.86	-5.0521	-3.9537	-4.7334	-3.6481	-5.6411
209.38	-2.1694	-2.6039	-3.6432	-2.8761	-3.5513	-3.4661	-4.506	-3.6275	-3.0417	-3.5219	-4.3439
209.48	-5.9693	-2.4561	-3.6214	-3.1335	-3.2021	-2.7865	-4.5098	-3.7287	-3.2781	-2.9752	-5.7161
209.52	-1.6169	-2.0906	-3.6541	-1.1416	-3.9885	-5.8041	-4.2548	-3.8288	-1.7158	-5.0665	-4.6531
209.91	-5.969	-3.5439	-3.9483	-3.6257	-3.7738	-2.2027	-2.5591	-3.9382	-4.1656	-3.1074	-1.5642
210.58	-4.4399	-2.2642	-1.5643	-3.9219	-3.469	-2.092	-3.4527	-3.5166	-5.929	-4.8535	-2.5938
211.18	-1.2578	-2.5114	-3.5054	-3.4351	-3.3349	-5.0802	-3.662	-3.8132	-3.8496	-4.0926	-2.3116
211.77	-5.7354	-4.1405	-3.7914	-3.5048	-3.4413	-1.3493	-3.7259	-3.7823	-3.7698	-3.0361	-2.4563
212.17	-4.6366	-2.129	-1.5402	-2.7824	-1.7272	-1.4573	-3.1442	-3.4871	-4.6779	-1.4971	-2.3125
212.47	-4.5704	-1.8798	-3.8326	-3.4862	-3.6036	-1.1437	-4.6078	-3.7978	-3.82	-3.1112	-3.7554
214.09	-1.4651	-2.5794	-3.7846	-3.6827	-3.4433	-1.6718	-4.2605	-3.7721	-4.0552	-3.0363	-3.0604
214.76	-1.325	-2.3615	-3.754	-3.1611	-3.3189	-3.1281	-3.757	-3.7698	-3.346	-3.0434	-2.5594
214.96	-4.2821	-5.8752	-3.5916	-1.7326	-1.73	-2.0235	-3.1122	-3.7528	-2.125	-1.55	-1.8548
215.11	-2.1946	-1.9873	-3.223	-2.6612	-3.1307	-3.1414	-3.585	-3.9591	-4.887	-2.5367	-5.9971
215.33	-2.8855	-1.096	-2.9573	-2.992	-1.9553	-1.276	-5.1394	-3.6833	-3.3508	-3.0012	-5.6866
215.82	-3.5837	-2.6225	-2.202	-3.9592	-1.0893	-5.6815	-4.2363	-3.639	-4.8427	-2.6968	-3.4569
216.18	-5.3583	-2.1018	-3.3882	-1.9208	-3.0527	-2.7726	-2.9237	-4.1031	-3.9921	-2.8809	-1.9013
216.78	-3.3833	-1.2433	-2.4519	-3.5601	-1.3113	-4.8376	-3.8749	-3.5743	-4.7251	-1.308	-3.0863
217.2	-1.0398	-2.4741	-3.6769	-3.8131	-3.3638	-3.3087	-3.6793	-3.8082	-4.2272	-3.338	-2.438
218	-1.8145	-3.3946	-3.7542	-3.7792	-2.4687	-1.6026	-4.8874	-3.6969	-4.1408	-2.2936	-3.6972
218.19	-1.7294	-1.6685	-3.018	-1.8787	-2.4885	-2.8706	-2.0797	-3.9735	-4.2253	-2.4631	-1.0647
218.36	-3.3566	-3.5259	-1.5672	-3.1152	-2.8388	-1.4241	-2.931	-3.2695	-4.119	-4.9612	-1.9406
218.45	-1.2538	-4.8329	-2.4093	-3.4128	-1.1548	-1.9183	-2.5585	-3.7684	-3.9186	-3.5356	-1.0087
218.48	-2.0142	-1.6303	-3.4473	-3.8305	-2.5523	-1.0001	-3.8292	-3.7058	-4.2618	-2.7751	-2.3095
218.94	-3.1951	-1.8498	-3.8024	-3.7186	-3.6405	-1.6502	-4.8228	-3.9738	-4.4742	-3.4652	-3.9948
219.38	-3.0589	-1.1299	-2.7399	-3.5382	-3.2024	-3.9077	-4.3008	-3.4732	-4.2672	-3.3562	-4.0961
221.11	-3.792	-1.0004	-1.9961	-2.8537	-1.7534	-1.748	-2.0499	-3.4688	-4.3058	-1.6172	-1.1477
221.37	-3.8359	-3.2482	-1.8791	-3.908	-1.3444	-2.3949	-3.7106	-3.3338	-5.0923	-1.5879	-2.8737
221.88	-3.2656	-2.4033	-2.4375	-3.9603	-1.1553	-4.0789	-2.779	-3.6614	-4.6206	-2.7331	-1.5656
223.57	-1.0208	-2.3958	-3.713	-3.7431	-3.7858	-3.2678	-3.4431	-3.8421	-4.2647	-4.7448	-2.1375
226.41	-3.4711	-2.4681	-3.6216	-3.9449	-2.9562	-1.4592	-5.0295	-3.8228	-4.4744	-3.004	-4.8245
227.91	-3.6181	-4.4545	-3.6981	-2.8419	-3.4691	-2.902	-3.7934	-3.7021	-3.0166	-2.8663	-3.5289
228.07	-4.655	-3.9765	-3.9869	-3.5408	-4.2537	-1.1207	-3.3658	-3.9132	-3.9738	-4.9011	-2.1454
228.1	-1.9702	-5.9298	-2.6946	-3.7755	-1.8352	-1.1034	-5.1792	-3.6959	-4.3446	-3.2803	-5.6449
228.44	-2.7807	-2.2866	-2.1059	-3.7751	-3.3557	-3.7183	-3.0702	-3.3609	-4.9914	-3.5158	-2.2513
229	-3.1892	-1.6914	-1.2427	-3.4988	-3.3693	-2.6122	-2.5349	-2.9529	-4.8856	-3.3311	-1.6548
230.04	-5.486	-2.828	-2.4432	-2.8677	-1.8723	-2.1004	-2.2476	-4.1105	-5.6669	-5.6428	-1.0478
231.35	-3.705	-2.6518	-2.0787	-1.8811	-1.4033	-1.85	-4.4939	-3.7948	-3.5672	-2.5295	-4.2737
232.25	-5.9689	-4.8347	-3.6446	-3.3196	-3.7991	-2.205	-3.6614	-3.7839	-3.6449	-4.6213	-2.3851
232.43	-5.9513	-2.4347	-3.8885	-3.375	-3.8353	-2.0063	-4.1387	-3.8413	-3.5526	-3.4282	-2.9701
232.88	-4.665	-1.7159	-3.8098	-2.8895	-4.007	-2.8697	-4.3381	-4.1178	-5.2262	-5.9324	-5.9907
233.01	-5.5047	-2.1535	-3.9195	-3.6738	-3.8711	-1.3796	-4.5902	-3.8769	-3.9885	-3.3805	-3.7636
233.56	-4.4871	-1.005	-2.1912	-2.7654	-1.8391	-1.9864	-2.8974	-3.7138	-3.3739	-5.2802	-1.6205
234.28	-1.0015	-4.6299	-3.7356	-3.4594	-3.7389	-2.8139	-2.6618	-3.8076	-3.7088	-3.6191	-1.4703
234.81	-2.5354	-5.2419	-3.7464	-4.0115	-2.4768	-1.6532	-3.2389	-3.7366	-4.4568	-2.2584	-1.8259
234.95	-2.4892	-2.647	-3.8295	-2.5156	-4.0776	-2.1995	-3.4257	-3.8613	-2.8962	-5.4814	-2.1507
236.13	-5.1105	-3.3233	-1.7004	-3.6769	-1.926	-1.6013	-2.4211	-3.3575	-4.4521	-4.3641	-1.2614
236.63	-3.6134	-3.7772	-3.5642	-1.1588	-3.6264	-2.949	-4.1713	-3.7269	-1.4061	-3.5312	-3.7959
237.3	-1.0107	-1.145	-3.524	-3.8993	-2.877	-2.3239	-3.6201	-3.7333	-4.1917	-3.0322	-2.1488
237.63	-5.8208	-4.3889	-3.9481	-2.8379	-4.183	-1.6837	-3.4323	-3.885	-3.0588	-4.2209	-2.233
238.14	-2.1028	-2.4944	-3.042	-2.2995	-3.4004	-2.7652	-3.0328	-3.8847	-4.3566	-4.0071	-2.0458
239.18	-1.31	-3.9903	-2.2016	-2.6285	-1.8962	-1.2971	-2.4462	-3.6385	-3.2545	-3.8155	-1.0006
242.9	-4.4119	-1.1176	-4.005	-3.6969	-4.1889	-1.4296	-4.2057	-3.9055	-4.0189	-3.8834	-3.1332
246.07	-1.6183	-2.7357	-1.5896	-2.265	-3.3545	-2.5877	-2.9233	-3.3728	-3.6237	-3.654	-2.0625
247.34	-4.551	-3.1837	-2.7387	-2.495	-1.4368	-2.192	-4.4556	-3.789	-2.6895	-3.1657	-3.3243
247.43	-2.696	-2.7589	-2.2823	-2.6363	-3.2408	-2.8455	-2.9605	-3.8329	-4.7452	-3.0978	-2.0892
249.22	-4.2255	-5.2332	-3.6088	-2.6177	-2.7358	-2.0804	-4.8284	-3.6995	-2.6998	-2.576	-4.3941
249.55	-4.6968	-5.2049	-4.0014	-3.7979	-4.3224	-1.3999	-3.3357	-3.9085	-4.2056	-5.9856	-2.16
249.58	-2.2793	-4.3021	-4.0005	-3.7761	-4.2973	-1.38	-3.2989	-3.8815	-4.1255	-5.8977	-2.1021
249.9	-5.9407	-4.0518	-2.4666	-3.1184	-1.6532	-1.8628	-4.6956	-3.7134	-3.3953	-5.4434	-5.9251
252.17	-5.4121	-4.5761	-2.8364	-2.6273	-1.9001	-2.2399	-4.5438	-3.7158	-2.797	-3.2949	-5.6867
254.42	-4.1994	-4.1853	-3.639	-3.2511	-3.5498	-1.8195	-3.5894	-3.6884	-3.3621	-3.3339	-2.4936
255.32	-1.6978	-1.2833	-3.1971	-2.08	-2.0612	-3.2781	-4.3639	-4.0922	-5.089	-1.9684	-4.598
257.72	-3.1137	-5.589	-3.858	-2.3614	-3.9142	-1.608	-3.7883	-3.8217	-2.5245	-3.5017	-2.6674
257.79	-1.002	-5.9081	-3.1497	-3.0743	-3.1947	-1.6351	-4.5074	-3.7399	-3.4314	-5.9996	-3.1648
258.2	-2.9701	-3.7804	-1.833	-2.3815	-2.8154	-1.5556	-1.9692	-3.6639	-4.7082	-2.4439	-1.093
259.19	-5.9952	-4.9498	-4.0661	-2.0778	-4.3218	-2.0269	-4.6378	-3.9342	-2.7576	-5.2585	-5.4647
262.08	-4.1985	-2.4954	-3.9222	-2.6079	-4.1107	-1.7491	-3.8598	-3.8317	-2.7203	-3.9944	-2.6693
263.85	-4.9912	-1.7794	-3.1359	-3.3546	-3.4533	-1.1503	-4.5737	-3.5991	-3.7783	-3.8174	-5.4935
264.36	-3.5733	-5.3591	-1.5873	-3.1438	-1.0137	-1.3701	-4.2298	-3.5103	-4.2107	-2.7609	-3.6168
265.89	-4.1941	-2.5758	-2.7122	-3.8291	-2.238	-1.1463	-2.886	-3.6464	-4.6525	-3.1859	-1.7802
266.21	-4.0635	-2.1488	-3.6476	-2.7451	-3.8158	-2.736	-3.7061	-3.7451	-2.7889	-5.8514	-2.5582
267.05	-3.057	-3.5194	-1.2454	-3.5972	-3.5219	-4.4423	-3.3403	-2.7959	-4.7745	-5.8986	-2.6582
268.65	-1.7331	-2.9578	-2.2609	-1.1997	-1.597	-3.7107	-3.404	-3.4253	-1.8126	-1.6845	-2.5137
270.02	-1.6775	-1.7719	-1.6109	-2.3027	-3.3023	-1.9846	-3.5259	-3.632	-4.9087	-3.2059	-2.6443
270.34	-3.6978	-4.9237	-3.9901	-3.8288	-4.1791	-1.0439	-4.6142	-3.9042	-4.0203	-4.2633	-3.8692
271.69	-4.2071	-1.1988	-1.05	-4.0036	-2.6353	-5.0261	-4.0482	-3.0057	-5.4774	-3.8945	-3.3804
272.37	-4.8429	-3.6923	-3.9018	-2.4937	-3.9108	-1.3579	-4.6783	-3.77	-2.5707	-3.592	-3.8009
273.19	-3.712	-1.0266	-2.0083	-3.7677	-3.5955	-3.2902	-1.1871	-3.3231	-5.162	-1.7421	-4.0555
273.87	-2.2541	-1.9335	-4.0272	-3.1814	-4.1079	-3.7728	-4.3058	-3.8733	-3.1735	-4.1626	-3.7346
275.7	-2.5674	-2.8614	-3.5495	-2.8692	-3.6562	-5.6057	-4.5634	-3.6887	-2.8474	-5.9947	-5.3233
280.67	-2.4922	-2.942	-2.5424	-2.6925	-4.2178	-2.818	-1.4284	-3.5544	-3.287	-2.6786	-4.4474
282.35	-3.7495	-1.5278	-2.4625	-3.7357	-2.404	-1.2868	-4.704	-3.7768	-4.3107	-5.5708	-5.5477
282.44	-5.6069	-4.2562	-3.731	-2.7283	-3.8194	-2.4748	-4.6484	-4.1578	-5.3217	-4.0753	-4.8242
282.98	-3.7414	-3.4678	-2.2317	-4.1283	-3.471	-4.6804	-2.3656	-3.1864	-4.8933	-5.456	-1.5124
283.02	-4.9802	-3.7376	-3.3317	-2.0426	-3.0736	-2.7983	-2.3134	-3.6565	-2.1015	-3.4487	-1.1365
288.43	-3.1502	-2.9665	-3.8639	-3.5845	-3.7298	-3.8781	-4.0788	-3.8323	-3.6678	-3.0089	-3.916
293.76	-2.8724	-1.0087	-1.4459	-3.8343	-2.6095	-3.6421	-3.5628	-2.9111	-5.2472	-2.4013	-2.946
297.82	-2.5559	-2.4957	-3.8763	-2.5708	-3.4465	-3.3854	-1.5722	-3.8062	-2.8896	-1.1011	-5.4862
298.46	-3.3263	-4.334	-1.6864	-3.2118	-1.5892	-1.8113	-2.8968	-3.4872	-4.7548	-1.8461	-1.9429
299.93	-4.548	-3.6735	-1.9874	-4.2559	-3.5518	-3.1511	-3.1722	-3.2348	-5.5042	-4.4984	-2.3862
300.37	-2.6719	-3.4152	-3.7829	-2.4219	-3.352	-2.4724	-3.2488	-3.7369	-2.375	-3.1546	-1.6646
305.14	-1.0409	-5.5554	-3.2424	-3.4169	-3.3426	-1.0605	-2.9331	-3.6223	-3.7163	-3.1543	-2.3946
307.13	-3.5691	-3.3922	-3.0595	-3.6724	-3.6001	-5.7426	-4.3785	-3.4055	-3.8239	-5.6772	-4.7629
308.91	-2.846	-2.5171	-2.6405	-2.7257	-3.5844	-5.9791	-1.2377	-3.632	-3.286	-3.6358	-4.8553
309.45	-4.644	-2.1344	-2.692	-1.4477	-2.2854	-2.1193	-3.4588	-3.5957	-1.7119	-3.8227	-2.2675
314.71	-2.8371	-1.8314	-3.7937	-2.4262	-4.0041	-2.4173	-2.3704	-4.1427	-5.2574	-4.8873	-1.147
315.63	-2.7122	-3.2077	-2.5961	-2.2944	-2.936	-2.2595	-3.2309	-3.9176	-4.8589	-1.7939	-5.5389
318.25	-4.1043	-2.603	-1.7269	-4.4042	-3.7524	-3.6978	-2.9079	-2.5698	-5.1213	-5.3581	-2.1703
324.83	-1.3469	-2.7446	-1.7656	-2.0681	-3.4995	-2.791	-2.476	-3.5317	-4.204	-3.0953	-1.679
326.13	-1.8937	-2.6743	-3.1806	-1.5326	-1.0484	-1.5303	-2.2356	-3.8559	-3.4297	-1.369	-1.0317
329.99	-3.4457	-3.0792	-2.1344	-4.2761	-2.84	-5.5268	-2.9903	-3.1435	-4.8836	-3.8451	-2.4486
330.41	-5.5061	-3.5862	-3.0089	-2.0872	-2.8044	-2.0129	-1.9168	-3.8901	-4.1413	-3.1249	-1.0162
335.3	-3.1711	-4.9335	-3.0658	-1.8577	-1.0041	-1.4474	-5.1595	-4.1486	-4.5413	-2.1969	-6
338.69	-1	-3.3415	-1.6457	-3.4975	-3.4463	-1.4298	-3.3709	-3.1806	-4.8948	-4.2426	-2.6398
353.15	-1.5489	-3.1188	-1.3454	-3.5022	-3.6364	-1.2127	-2.5515	-2.9022	-4.839	-4.3094	-1.7956
355.83	-5.8428	-1.0516	-2.393	-2.6595	-1.713	-1.9982	-3.7588	-3.6125	-2.5861	-3.9447	-2.1886
355.96	-3.0111	-2.4195	-3.7291	-2.2552	-3.7321	-3.0524	-2.409	-4.0774	-4.5707	-2.5346	-3.7706
362.89	-2.5739	-5.9998	-2.3612	-2.5063	-1.9701	-1.2088	-4.4493	-3.6595	-2.4628	-4.0465	-2.8921
363.19	-3.093	-3.3659	-2.5413	-2.3434	-3.414	-2.5611	-4.0657	-4.4569	-4.2924	-3.6222	-3.462
364.43	-3.3943	-1.9841	-3.9425	-3.4533	-2.8866	-2.5106	-4.3972	-4.1841	-3.423	-2.6556	-3.7332
366.88	-1.6384	-3.8887	-1.5371	-2.1872	-3.6276	-1.5639	-3.4541	-3.5088	-4.301	-3.7026	-2.7617
369.64	-5.572	-3.0943	-1.1899	-2.9709	-2.9705	-1.0864	-2.4879	-2.7199	-3.5358	-2.3495	-1.5241
369.64	-1.0703	-3.8923	-2.7386	-2.597	-3.1269	-1.6079	-2.1641	-3.5027	-2.7007	-5.7809	-1.034
372.15	-1.0029	-3.1446	-2.0787	-3.7212	-3.1004	-2.3374	-2.827	-3.3707	-4.8553	-3.987	-1.8527
375.52	-5.1545	-2.6229	-2.9751	-3.6716	-3.8965	-1.2697	-3.8912	-3.3122	-4.0441	-4.6363	-3.0115
387.56	-3.5287	-2.742	-1.1326	-3.0604	-3.8971	-5.1257	-3.6471	-2.6849	-3.3786	-4.7883	-3.0395
391.1	-2.374	-5.5617	-3.3226	-1.0234	-2.6294	-2.5077	-4.2277	-3.8526	-4.8469	-2.6491	-3.2938
391.61	-3.9816	-3.8987	-1.9981	-1.1655	-3.8288	-1.7435	-5.018	-3.4412	-1.6605	-5.7585	-5.4302
399.76	-1.8344	-1.3047	-3.4843	-1.7961	-2.2674	-2.9311	-5.9486	-4.087	-5.1252	-1.3119	-3.2139
403.5	-2.5661	-4.2564	-1.4334	-2.3247	-3.5914	-1.6655	-3.5806	-3.5901	-4.4169	-5.6657	-2.844
404.1	-3.3439	-2.6529	-3.2629	-1.5501	-2.684	-2.4642	-4.7211	-5.9055	-4.0907	-4.3751	-3.8589
404.68	-3.245	-3.7263	-1.0241	-3.3453	-3.9433	-5.6293	-2.9318	-2.2988	-3.7725	-5.9717	-1.9931
405.29	-2.6297	-3.7508	-3.6648	-2.3711	-3.823	-3.5517	-4.6138	-3.7955	-2.2205	-4.4883	-4.2792
406.48	-1.8667	-1.7142	-3.7265	-2.598	-2.4954	-4.7884	-4.9703	-3.617	-2.3028	-2.1465	-4.1839
411.16	-2.1383	-5.997	-2.8369	-1.2262	-2.8375	-1.5196	-5.1563	-3.8918	-3.6022	-3.5966	-3.6864
411.26	-1.5309	-2.9583	-1.1642	-2.8867	-3.0788	-2.2867	-3.3123	-2.8887	-3.6081	-2.0737	-4.67
411.63	-3.1545	-2.4203	-1.0295	-3.4909	-3.795	-5.5638	-4.4386	-1.5048	-3.8423	-3.978	-5.9945
411.96	-5.9813	-1.0267	-2.4489	-2.5333	-1.9549	-1.9542	-1.4531	-3.5313	-3.2561	-1.2101	-2.8031
423.84	-2.8527	-2.7607	-1.1636	-3.3201	-3.6349	-2.4246	-2.3773	-2.5046	-3.6149	-5.75	-5.9099
428.46	-2.2624	-1.6743	-2.1292	-2.284	-1.0059	-5.9187	-2.2505	-3.5505	-2.0425	-4.0602	-1.0245
428.94	-1.8416	-5.0004	-2.884	-3.7413	-3.6241	-1.7617	-1.9138	-3.4891	-4.4348	-2.1515	-4.052
429.48	-1.2281	-1.245	-3.2775	-2.057	-3.1766	-5.2615	-4.7607	-4.7111	-4.6499	-2.8198	-5.6236
429.62	-2.575	-2.2533	-1.5316	-3.2074	-3.2356	-2.7159	-4.7431	-2.878	-3.5017	-4.0352	-3.3323
431.36	-4.3667	-5.0911	-1.0503	-3.0434	-4.1748	-1.0044	-1.0861	-2.6095	-3.4435	-3.313	-2.0363
432.77	-3.0141	-3.335	-1.2864	-2.5085	-4.0299	-1.8546	-2.9486	-2.0729	-3.31	-4.279	-1.8181
432.95	-4.2929	-5.262	-4.0963	-1.9228	-5.1064	-1.0198	-2.3428	-4.2424	-5.9943	-4.0103	-4.1927
434.18	-5.3985	-1.7131	-3.6989	-1.0436	-4.4241	-2.3852	-2.4347	-4.2336	-5.049	-5.2291	-2.3507
439.7	-1.4493	-3.3188	-2.3173	-2.32	-1.9985	-1.4585	-5.3638	-4.0863	-4.7006	-4.6197	-1.0008
440.25	-5.1908	-2.7474	-2.687	-1.5913	-2.359	-1.739	-4.7638	-4.7328	-5.2143	-5.2518	-3.4125
440.32	-3.6404	-3.1742	-1.8874	-2.1634	-4.1919	-2.5424	-4.2164	-3.4545	-2.8634	-4.7421	-4.8272
446.37	-2.6326	-1.7538	-2.8843	-4.2913	-3.583	-1.2257	-4.2503	-3.3072	-4.6294	-4.266	-3.5356
450.17	-1.443	-3.725	-2.7512	-2.2637	-1.2274	-1.713	-5.049	-3.6558	-1.9784	-3.0409	-3.909
459.03	-4.8686	-3.1387	-1.7545	-2.7956	-2.3635	-2.112	-3.7085	-3.1881	-3.1794	-1.7923	-2.7497
459.36	-5.3208	-2.8477	-4.0132	-1.851	-3.6868	-1.2729	-4.3597	-4.0509	-1.5465	-3.2559	-3.1751
463.04	-1.8514	-2.6774	-1.1839	-2.9247	-4.0276	-5.8728	-1.711	-1.8899	-3.448	-5.1348	-1.0222
464.04	-1.3953	-3.6993	-3.0298	-2.5321	-3.686	-1.9656	-2.2874	-3.4502	-2.526	-3.7145	-1.4997
465.58	-2.3416	-3.3937	-1.9324	-4.1245	-2.6959	-2.2	-1.1232	-3.4303	-5.6509	-1.0134	-5.3611
465.98	-4.0367	-2.8116	-1.7177	-2.3964	-3.7834	-4.0761	-4.3029	-3.5083	-3.0416	-5.7646	-4.2909
466.66	-2.3386	-3.6994	-3.2718	-1.4297	-3.3974	-2.1074	-3.5353	-3.3731	-1.2188	-3.3159	-2.4001
468.32	-3.0736	-3.1039	-1.5797	-4.6711	-2.3187	-2.6527	-3.6571	-2.2528	-5.3027	-1.9517	-2.854
471.95	-1.5057	-4.4456	-1.3765	-3.4492	-1.0001	-1.675	-4.2204	-3.4363	-4.5133	-3.1998	-3.0893
472.05	-5.1756	-3.5477	-2.2129	-3.3675	-3.0578	-2.4211	-4.3057	-3.8696	-3.8723	-2.7066	-4.4154
473.02	-5.2399	-3.0823	-2.242	-2.6541	-3.9956	-2.3952	-2.629	-3.5295	-2.9909	-4.257	-1.6442
473.17	-1.9424	-2.1842	-3.9524	-1.434	-3.4713	-2.5482	-3.8599	-5.5792	-3.7205	-2.4109	-3.5803
477.34	-3.0997	-3.9423	-2.1615	-3.8753	-2.0613	-5.4021	-4.2563	-2.4704	-4.0883	-1.654	-3.6319
479.34	-2.982	-3.3067	-2.2897	-2.2088	-3.2341	-1.3261	-1.0861	-3.7774	-4.4057	-1.6621	-2.4935
479.97	-3.5172	-5.6675	-1.3305	-3.574	-3.4978	-1.9685	-2.3878	-2.8116	-4.4571	-4.0615	-1.5054
485.72	-5.0767	-3.1659	-1.7008	-4.2042	-3.0039	-3.3155	-3.5961	-5.1309	-5.0802	-2.7691	-2.8335
486.57	-3.8474	-1.0048	-1.3257	-3.0333	-2.5541	-5.1587	-1.0088	-2.9074	-3.5236	-1.2563	-1.3212
490.41	-2.3841	-1.3972	-3.5696	-2.6929	-2.4587	-3.6026	-4.5766	-3.5388	-2.2535	-2.2607	-5.7292
496.78	-1.9639	-2.9019	-3.5034	-2.4343	-3.3443	-4.9803	-2.7354	-3.5807	-1.9794	-5.294	-1.669
504.88	-3.7489	-2.4481	-1.5816	-1.0352	-4.031	-5.5346	-3.4819	-3.6019	-1.7299	-5.2758	-5.7971
505.28	-2.1503	-2.8049	-2.6689	-1.5903	-5.3416	-3.7046	-2.4991	-3.6137	-1.9951	-1.3126	-3.8253
507.14	-5.9941	-3.8712	-1.2415	-3.0572	-3.7601	-1.9353	-4.3544	-2.8936	-3.4545	-3.2728	-5.9537
513.93	-3.7896	-2.862	-1.8524	-2.6576	-3.7649	-2.7302	-4.497	-2.3215	-3.1801	-3.328	-3.7066
520.1	-1.1964	-1.2127	-3.2146	-1.5768	-5.1695	-5.965	-5.6424	-4.3753	-4.7847	-1.5873	-1.4924
522.03	-3.8542	-5.6894	-2.374	-2.4483	-1.6801	-1.3511	-5.0046	-3.6728	-2.076	-3.8775	-4.2076
523.44	-1.9434	-2.2874	-2.4834	-3.057	-3.9092	-5.5564	-4.4644	-2.5786	-3.0087	-5.5027	-5.3261
529.57	-3.4969	-5.5655	-2.7438	-1.447	-3.7642	-2.0232	-1.5538	-3.9688	-5.3935	-4.3584	-2.2171
534.21	-1.5151	-2.9443	-1.1477	-3.2401	-2.1079	-2.3468	-4.37	-3.0563	-3.5274	-2.7739	-4.01
539.24	-3.3889	-3.9362	-2.3381	-2.0443	-4.0196	-5.8256	-3.5503	-3.3007	-2.2257	-4.9149	-3.356
540.22	-3.9213	-3.767	-2.3489	-2.3246	-3.6406	-1.2102	-1.0167	-3.3487	-2.6605	-2.1471	-4.5771
541.19	-3.3227	-2.357	-1.1191	-3.0719	-1.2042	-2.6946	-1.9433	-2.7335	-3.3988	-3.851	-2.2657
541.49	-3.1733	-4.4463	-1.7433	-2.3898	-1.5412	-3.6777	-4.6675	-3.374	-2.4316	-5.2286	-3.6711
547.3	-4.6262	-3.1239	-1.8193	-3.9599	-1.0098	-3.2823	-1.9718	-5.2794	-4.3669	-5.9819	-3.8075
548.54	-4.1341	-2.8246	-1.0266	-3.5286	-4.6517	-1.4344	-1.0023	-2.1871	-3.5109	-3.6983	-5.8904
550.33	-1.4203	-4.1259	-2.406	-2.5671	-2.5752	-1.705	-1.8595	-3.8766	-5.9961	-2.3349	-5.3683
550.35	-1.8423	-2.6952	-1.1434	-3.1366	-1.889	-3.3433	-3.7764	-1.6116	-3.3227	-1.9738	-2.2789
565.34	-4.7263	-2.1698	-1.3876	-2.6885	-3.6984	-4.9035	-4.342	-2.8695	-3.6883	-5.5539	-5.3849
566.39	-5.4076	-5.7831	-2.6735	-1.0525	-2.4585	-1.8751	-2.5536	-3.9263	-5.6107	-5.3822	-2.2095
567.3	-2.4161	-4.5505	-4.0405	-2.6542	-4.1409	-1.4224	-3.721	-3.7782	-2.1903	-3.9416	-1.5497
568.23	-1.8412	-3.574	-2.874	-2.7237	-2.8162	-4.8183	-1.7473	-3.3304	-2.5189	-3.0139	-2.4297
569.38	-4.0691	-4.441	-1.2781	-3.2882	-2.5882	-1.7352	-2.8303	-1.3505	-3.3659	-2.2699	-1.058
569.76	-1.663	-2.0569	-3.793	-2.4217	-3.4199	-5.5183	-4.63	-3.7097	-1.864	-3.2039	-4.6269
570.14	-5.3764	-1.0315	-2.8681	-2.6862	-2.5982	-2.3771	-2.0018	-3.3788	-2.473	-2.1623	-1.2529
577.38	-1.9704	-2.6208	-1.2964	-1.5913	-2.588	-4.0125	-3.3717	-2.0985	-2.6962	-1.7972	-2.8457
579.31	-3.4184	-2.5233	-3.3958	-2.6019	-2.4159	-3.0312	-4.631	-5.2885	-2.2136	-3.7142	-3.9242
579.62	-2.355	-3.153	-2.9713	-2.7153	-3.9347	-3.6909	-2.4906	-3.2512	-2.4031	-2.5796	-5.2046
582.57	-1.82	-1.0034	-1.0026	-3.5138	-3.8623	-5.99	-4.3404	-1.3782	-3.7299	-3.945	-3.7293
587.26	-4.2669	-3.3219	-1.0995	-2.8009	-3.4708	-4.5225	-4.0853	-2.6026	-2.758	-4.3502	-3.7106
588.89	-4.5375	-4.9712	-1.0013	-4.6558	-3.5202	-5.9049	-3.3832	-2.1048	-5.7032	-4.6146	-5.6704
589.84	-4.0765	-2.8349	-1.3873	-2.4926	-4.2498	-2.7371	-2.2215	-1.9221	-2.8705	-4.2168	-1.9437
597.27	-1.1798	-1.6653	-1.4186	-4.4012	-3.8086	-1.0422	-2.6622	-1.936	-4.8808	-4.0765	-1.6733
599.45	-3.1996	-5.5441	-1.3104	-3.7007	-3.6382	-5.2401	-3.4681	-2.786	-4.6518	-5.1778	-2.4563
602.02	-5.2599	-3.3286	-1.9522	-2.9497	-3.2099	-5.8493	-3.4719	-2.9609	-3.5699	-4.2443	-2.4176
609.26	-2.2138	-3.1134	-1.9154	-2.9699	-3.2969	-5.4229	-5.9937	-3.1277	-2.897	-3.0792	-1.7182
612.43	-5.3978	-3.6265	-1.6839	-3.6914	-3.8416	-5.7689	-2.383	-2.2273	-4.1815	-5.7951	-2.102
613.45	-3.455	-1.4549	-2.5417	-2.0992	-2.6375	-2.9195	-3.2484	-4.1021	-4.7796	-2.3926	-1.8529
614.41	-5.4852	-2.5393	-3.5078	-3.6952	-3.7705	-5.7915	-3.1928	-3.6326	-3.7887	-5.3181	-2.3278
616.19	-4.455	-5.8309	-3.9127	-1.95	-4.3684	-1.5945	-2.8968	-3.6718	-1.3724	-4.7907	-2.0073
623.25	-1.7347	-1.105	-2.0302	-1.4978	-4.4062	-5.0884	-4.9105	-3.6997	-1.9882	-2.0286	-3.061
623.28	-4.3178	-2.6621	-1.6144	-4.2821	-3.9089	-1.1073	-3.6879	-1.8039	-4.542	-3.9889	-2.7826
625.48	-2.7666	-3.0569	-2.476	-4.6882	-3.2772	-1.1479	-3.8852	-2.7456	-5.0753	-3.1716	-4.354
634.73	-4.5889	-4.8762	-3.6984	-1.8899	-3.1806	-2.2157	-4.9614	-3.6844	-1.2702	-3.166	-4.3012
635.35	-4.4786	-3.5695	-3.4812	-1.8716	-2.9646	-2.9275	-4.4039	-3.8928	-1.2708	-4.0471	-3.6418
638.45	-4.9191	-1.5766	-3.1588	-2.6264	-2.7622	-3.3314	-3.1664	-4.8958	-5.6313	-3.1778	-1.7828
644.7	-5.3354	-2.9778	-1.4938	-4.6958	-3.9234	-4.1668	-1.2518	-5.5765	-5.268	-4.2759	-5.4038
648.24	-3.7348	-2.9593	-1.6114	-1.9095	-3.9514	-5.8993	-3.5661	-1.9603	-2.0359	-3.7932	-2.5036
651.36	-5.5162	-2.9292	-3.1885	-2.8401	-3.5777	-5.9146	-4.5862	-4.4833	-4.3406	-3.737	-4.9686
651.82	-5.995	-3.841	-3.9803	-3.2152	-1.2158	-1.3588	-4.2921	-3.9339	-2.8723	-1.0046	-4.8367
665.73	-5.307	-1.7495	-1.4631	-1.2037	-1.7261	-2.9409	-4.0584	-4.137	-2.2508	-1.0773	-5.1392
668.39	-2.6431	-1.9416	-2.7279	-1.7472	-4.178	-5.8608	-3.5072	-4.9186	-4.4442	-3.9568	-2.3635
670.58	-3.0477	-1.1281	-1.3982	-3.1296	-3.794	-1.8962	-1.4831	-1.6533	-3.2741	-2.7179	-3.569
674.51	-5.4223	-2.9985	-2.2061	-1.2666	-1.7569	-1.7804	-3.1614	-4.3632	-3.0318	-1.0169	-2.4231
679.63	-2.2163	-3.6445	-2.3313	-1.3201	-3.9852	-2.8471	-1.2077	-5.5752	-2.9556	-5.8289	-3.3861
689.88	-4.5579	-3.3436	-3.4759	-1.3964	-2.4527	-3.1766	-2.7556	-3.6812	-1.4271	-2.2546	-1.4614
691.17	-3.4684	-3.106	-2.1172	-2.3023	-2.9953	-4.1319	-2.0773	-3.2175	-1.9797	-1.8876	-4.3247
692.76	-4.1429	-2.3331	-1.9878	-2.7282	-1.6889	-5.5314	-3.7167	-5.4995	-2.8264	-2.4314	-1.2545
694.52	-5.8126	-2.8064	-3.36	-3.4736	-3.8773	-5.8604	-2.9532	-3.1853	-3.4767	-4.5288	-2.9867
696.32	-3.826	-2.6808	-2.9386	-2.7559	-4.0557	-3.4914	-3.2335	-3.4011	-2.2871	-4.419	-2.7948
712.52	-4.5912	-1.1754	-1.8359	-2.3054	-2.2711	-2.8395	-4.0089	-3.7152	-4.9788	-2.7132	-3.1244
716.59	-4.8787	-3.7094	-1.7508	-4.614	-2.974	-5.4787	-2.3083	-2.2439	-4.4957	-4.262	-4.6282
734.85	-5.0296	-3.702	-1.0822	-1.8896	-3.7268	-1.0056	-4.1918	-1.5438	-2.6886	-3.1384	-4.838
736.06	-4.4611	-2.013	-3.1117	-1.6662	-2.619	-4.5419	-3.5671	-4.8811	-3.2593	-5.0037	-2.299
739.31	-1.4234	-2.1057	-4.0879	-1.8292	-5.7594	-4.7351	-2.4793	-3.8603	-1.4777	-1.0348	-4.4557
745.4	-3.945	-4.8646	-1.1555	-1.6923	-1.0221	-2.8399	-4.5448	-3.1289	-1.7331	-5.3927	-3.734
750.07	-4.189	-1.1945	-3.7515	-1.4092	-3.7522	-5.0437	-4.3932	-5.3452	-3.7544	-3.653	-4.0915
754.12	-4.4541	-1.4833	-2.3682	-2.269	-2.8161	-1.0133	-2.3463	-2.1695	-1.9414	-2.5811	-1.1181
762.36	-5.0131	-4.3897	-2.7402	-2.5032	-1.8585	-4.803	-4.3951	-3.2425	-2.8302	-1.8997	-5.685
786.83	-5.4346	-1.5237	-1.72	-1.9433	-3.9952	-3.5931	-3.962	-4.3827	-5.2524	-4.4273	-4.403
787.12	-1.6279	-4.1397	-1.5117	-2.9203	-2.5008	-1.446	-4.4443	-1.1021	-2.5095	-2.0658	-5.7574
795.4	-1.036	-2.6244	-1.1004	-2.8356	-4.4205	-2.8509	-1.6933	-1.1412	-2.6407	-3.7951	-5.2404
804.48	-2.6914	-1.1334	-2.3408	-1.4338	-1.5347	-3.9146	-1.4475	-3.681	-1.018	-4.9094	-2.2936
807.77	-1.3669	-1.9594	-2.7778	-2.4762	-2.1712	-3.4194	-2.878	-3.6471	-2.0362	-5.447	-4.3559
817.66	-3.2475	-4.5348	-2.8094	-2.5746	-2.099	-5.6622	-2.9357	-3.592	-2.0706	-3.7937	-3.1788
820.95	-2.086	-1.4688	-1.1979	-1.5736	-4.5529	-3.2088	-3.5323	-2.3088	-1.2128	-4.9039	-3.4948
823.63	-2.1801	-1.1764	-4.2985	-2.4405	-4.2255	-1.5908	-5.0721	-4.4823	-1.6225	-5.9946	-5.089
832.73	-5.9239	-3.0534	-2.0037	-1.8359	-3.0999	-3.6772	-1.4764	-2.504	-1.8261	-2.6534	-4.9399
840	-3.3503	-5.8912	-1.9897	-4.7759	-3.1182	-1.123	-3.6008	-3.1722	-5.1926	-5.6112	-3.1382
848.59	-1.2536	-4.5224	-2.2511	-3.2911	-3.4635	-1.4195	-5.4011	-2.1727	-3.0457	-2.5281	-1.0279
863.49	-3.0385	-5.2222	-1.6931	-1.3256	-2.8644	-2.2436	-4.6323	-4.6915	-2.8472	-3.6879	-3.787
898.09	-4.286	-4.2352	-2.2581	-1.8605	-3.8281	-4.2958	-3.5264	-2.6615	-2.7343	-3.7675	-2.4091
899.2	-5.625	-1.8953	-3.9214	-2.3275	-3.9494	-1.8833	-4.5105	-3.6752	-1.3807	-3.213	-5.8698
908.15	-3.7224	-4.1407	-3.3124	-2.6323	-1.8317	-3.9372	-2.5265	-4.4742	-2.0981	-1.7619	-1.1799
926.25	-3.0864	-3.493	-2.4819	-1.933	-4.661	-2.8642	-1.1809	-4.0489	-1.6874	-5.4777	-5.9987
949	-4.0943	-2.2178	-3.3798	-3.0793	-2.2485	-2.5341	-4.8637	-3.8089	-2.0658	-3.2028	-4.8786
954.45	-2.1823	-3.1769	-1.6666	-1.3105	-5.3884	-1.7998	-5.7212	-5.6031	-1.9348	-4.6946	-5.5293
955.67	-1.3767	-2.0912	-2.7462	-3.8655	-3.747	-4.0835	-2.8267	-2.5866	-3.266	-2.1732	-5.5017
996.35	-2.7811	-4.24	-1.9321	-1.7895	-4.9189	-5.9261	-2.0428	-3.4475	-3.7405	-5.0054	-1.8874
1009.2	-3.9548	-5.0879	-1.9122	-1.1026	-5.673	-1.3698	-2.7906	-5.388	-5.9083	-2.6759	-3.9456
1010.7	-2.9615	-1.9637	-3.5309	-2.3116	-5.6698	-2.041	-5.2515	-4.162	-2.0627	-2.214	-1.9617
1024.5	-3.2434	-3.169	-3.4245	-2.8134	-3.7046	-3.4181	-4.1139	-3.4098	-1.6307	-5.0591	-5.6935
1026	-5.9218	-4.646	-3.1793	-4.1926	-3.7071	-1.6388	-5.1336	-2.6262	-3.3449	-4.2537	-5.996
1029.8	-4.5132	-3.6711	-2.6373	-2.3012	-4.0729	-4.5205	-5.2669	-3.8384	-1.9868	-1.7336	-5.8129
1033.5	-3.8351	-1.4493	-1.8886	-1.3265	-4.0936	-5.2392	-1.1004	-4.552	-4.9587	-1.2339	-5.9746
1034.2	-4.7108	-5.8353	-1.4291	-1.7182	-3.8504	-2.2411	-4.3941	-4.8244	-4.7019	-3.164	-5.0939
1035.9	-5.9409	-2.5692	-2.2883	-3.9234	-4.5875	-4.7209	-3.0284	-2.1375	-3.5539	-1.0219	-1.5273
1073.1	-1.9976	-3.6433	-2.2072	-2.5453	-4.2225	-1.8153	-2.8402	-3.1004	-1.9401	-5.9239	-1.1972
1081.6	-4.0131	-3.0571	-2.5854	-2.946	-3.3395	-2.6294	-1.8346	-2.5057	-1.8725	-2.2199	-1.6048
1088.2	-4.8182	-4.7344	-1.0231	-1.1361	-3.6128	-3.4106	-3.9722	-5.04	-3.2857	-3.6944	-3.5699
1097.1	-3.1841	-3.4155	-2.3605	-2.1971	-1.1984	-2.4208	-1.669	-3.1894	-1.0869	-2.3127	-1.2529
1113.7	-2.3813	-3.0771	-2.3598	-1.7953	-4.0882	-3.1991	-5.7283	-2.0161	-2.6572	-4.2336	-5.8153
1114.4	-1.0044	-3.9459	-2.4249	-2.2472	-1.6039	-5.874	-4.5569	-3.485	-1.1974	-5.5007	-2.5614
1138.7	-3.426	-1.0156	-3.7393	-3.422	-1.7529	-4.2945	-4.7388	-4.9308	-2.2995	-2.0373	-3.2652
1155	-1.7084	-1.031	-3.5763	-2.6154	-1.5281	-1.0485	-4.9198	-3.3333	-1.1928	-1.377	-3.8609
1160.6	-5.511	-4.981	-1.8518	-3.0897	-1.563	-1.9799	-1.0002	-2.5746	-2.2223	-1.0003	-1.1697
1164	-1.3742	-2.0137	-2.0739	-1.886	-4.296	-1.719	-3.9039	-1.5821	-2.5917	-5.1257	-3.4662
1174.7	-5.3552	-3.9532	-1.1384	-1.7173	-4.8468	-2.3758	-1.1947	-5.6179	-4.3029	-4.1669	-2.4597
1224	-3.271	-3.7808	-1.9079	-2.5294	-2.2764	-2.7579	-2.0049	-2.1781	-1.2353	-2.8227	-1.2174
1227.2	-1.0023	-5.551	-1.9693	-2.8268	-3.9993	-2.0176	-2.7181	-1.5854	-1.6314	-3.9294	-2.6217
1243.4	-3.4018	-1.21	-1.6978	-2.2519	-2.8082	-1.2512	-4.7919	-1.7519	-3.5764	-2.5953	-5.0107
1262.2	-1.2816	-3.2517	-2.0427	-1.6402	-3.7949	-5.8131	-4.8771	-1.7036	-2.7529	-3.5309	-5.8123
1262.3	-1.9433	-4.928	-1.1392	-1.6486	-2.1308	-5.9158	-2.8123	-3.9733	-5.2145	-1.8393	-1.6653
1269.2	-3.4201	-3.755	-2.0809	-2.5986	-3.6967	-2.7353	-3.6441	-2.0895	-1.0746	-5.2422	-2.9102
1278.1	-3.2012	-4.778	-1.0024	-4.4954	-3.9152	-4.3573	-5.1033	-5.323	-4.7205	-5.2691	-1.5728
1302.9	-2.8992	-1.4694	-1.9637	-1.203	-5.7177	-4.1973	-2.5696	-3.5521	-4.2571	-4.9144	-5.2027
1303.5	-1.1978	-1.8514	-3.2077	-1.5455	-1.8566	-1.7791	-4.206	-5.8533	-5.6747	-5.7586	-5.1899
1304.4	-4.3117	-3.9225	-3.0049	-2.7192	-3.489	-4.5597	-2.1886	-2.8901	-1.206	-3.626	-1.2096
1309.2	-3.1083	-2.6676	-1.3341	-2.7652	-1.5368	-3.2823	-2.6794	-2.2717	-1.2529	-3.4787	-2.3175
1326	-1.426	-1.2099	-2.8899	-3.5523	-3.8011	-1.6165	-4.286	-2.4619	-2.0074	-3.4605	-3.6076
1346.9	-3.4813	-1.2795	-1.7894	-5.6127	-1.9301	-1.1577	-1.7512	-2.512	-5.4557	-3.179	-2.2286
1357.2	-2.6175	-3.32	-1.3066	-2.6436	-1.8122	-1.369	-1.1891	-2.0525	-1.4767	-3.9746	-1.3195
1396.5	-5.5199	-5.594	-1.9419	-2.6639	-1.1638	-2.2821	-4.0605	-4.0943	-1.6778	-3.7333	-3.7484
1422	-4.3122	-1.1903	-1.1173	-3.5422	-3.092	-3.4734	-1.1822	-4.4295	-2.9522	-4.8029	-3.562
1422.6	-3.8176	-2.7585	-2.6646	-2.1831	-3.9131	-3.1812	-5.3059	-5.1839	-1.4628	-2.6691	-2.6138
1429.1	-1.2345	-5.9571	-1.018	-1.0122	-2.3407	-1.998	-2.7851	-3.5259	-5.4766	-2.4865	-1.5773
1439.1	-2.0922	-6	-1.0057	-2.6669	-1.2356	-1.9119	-5.441	-1.0405	-1.6537	-3.468	-3.7388
1453.7	-2.7196	-1.3247	-5.5742	-2.8448	-1.6576	-4.0605	-4.2145	-3.2977	-2.2642	-1.522	-2.1015
1462.1	-2.5762	-5.8631	-1.6111	-1.0413	-1.8808	-2.3706	-3.3583	-5.5079	-4.3198	-1.4422	-2.9886
1467.1	-1.8375	-4.3711	-1.4938	-1.579	-1.3047	-2.045	-3.457	-5.6749	-5.7164	-1.0557	-3.3215
1480.1	-1.1187	-3.484	-4.1125	-2.0149	-1.8617	-3.9064	-5.2446	-2.4385	-2.1177	-3.204	-5.9651
1515.9	-3.2592	-1.6589	-2.3904	-3.2081	-3.0622	-3.4694	-5.2304	-1.8681	-1.204	-2.9196	-4.4779
1560	-5.9012	-4.5182	-1.7376	-1.9449	-3.8138	-1.8403	-4.3099	-1.8768	-5.047	-3.4902	-4.5847
1563.4	-3.803	-3.2781	-2.1369	-1.3323	-3.5989	-2.4072	-4.9495	-1.4643	-2.7922	-3.6963	-4.3105
1565.1	-1.424	-3.9633	-5.3674	-5.1625	-2.1645	-2.2623	-4.7287	-1.8753	-5.2105	-2.7621	-2.2429
1575.1	-5.3363	-3.8831	-2.219	-1.9235	-4.8372	-5.5927	-5.118	-5.8622	-1.1441	-1.6616	-5.996
1588.1	-4.1852	-1.2582	-2.932	-2.023	-2.0273	-5.4339	-4.1988	-1.2177	-1.973	-4.4587	-2.5851
1609	-3.545	-2.1381	-5.935	-2.8679	-2.1687	-3.259	-4.7529	-1.6609	-2.093	-2.0031	-2.7938
1626.7	-3.4616	-2.6326	-2.6235	-3.2091	-3.5609	-2.954	-5.8394	-3.9708	-2.0496	-5.5425	-1.6631
1638.9	-4.0157	-3.3154	-3.9428	-1.881	-1.604	-3.1088	-3.2899	-2.8765	-2.4178	-4.6212	-1.5743
1663.8	-3.9826	-3.6199	-5.6314	-3.3136	-2.3086	-5.1507	-4.631	-4.9292	-4.6621	-4.9559	-5.8164
1678	-1.5121	-4.297	-4.8682	-2.2421	-1.6035	-3.2002	-4.6227	-3.0901	-2.8801	-5.9902	-5.3098
1680.8	-1.0271	-4.7415	-3.0433	-1.5338	-2.3391	-4.5293	-2.2981	-4.4289	-4.8594	-5.1955	-4.9143
1688.8	-5.6903	-4.6745	-3.8364	-2.3298	-3.5913	-4.9056	-4.252	-1.7595	-3.4271	-5.9445	-4.2737
1693.8	-3.3509	-1.6352	-5.1208	-2.0869	-3.2995	-1.6323	-5.0941	-2.6592	-1.3393	-3.7692	-5.9842
1696.7	-3.9246	-3.9734	-2.7452	-4.0645	-5.4647	-1.0714	-3.3477	-2.3559	-2.4343	-2.4504	-4.6332
1702	-2.9054	-1.604	-1.5488	-1.9957	-3.413	-2.6451	-4.8688	-1.0254	-4.291	-4.2398	-4.4906
1715	-1.8665	-1.3649	-3.4828	-2.8379	-1.3778	-3.2583	-1.7553	-1.4268	-2.742	-3.6511	-1.1449
1722.2	-4.6809	-2.1788	-3.4527	-2.3213	-4.6915	-5.1527	-2.5117	-2.7405	-4.2315	-5.9589	-1.6543
1747.8	-5.167	-4.3621	-1.939	-2.0484	-3.5817	-5.3013	-2.055	-4.5422	-5.3552	-3.0556	-1.5255
1752.3	-2.6333	-5.1047	-5.6529	-2.4563	-2.5892	-4.0028	-5.4283	-1.3363	-4.028	-3.17	-4.0799
1764.6	-2.5457	-5.5966	-5.9117	-1.8024	-2.2306	-3.3046	-4.9825	-1.624	-3.1995	-2.0388	-3.4611
1766	-1.4397	-1.0989	-5.8743	-5.3316	-2.6818	-1.8352	-4.6233	-4.1781	-4.7455	-1.893	-1.5297
1781.5	-5.6404	-5.1218	-5.5362	-2.7379	-3.4482	-4.7532	-1.913	-4.783	-5.9016	-4.9969	-1.0259
1782.2	-1.4587	-3.0173	-1.5511	-1.2255	-4.6204	-1.1534	-3.0966	-1.2324	-2.8086	-5.4071	-3.944
1782.5	-5.3494	-3.8496	-3.7531	-2.772	-1.8802	-5.5646	-3.9249	-4.6235	-5.6575	-4.2787	-3.8005
1785.1	-4.7124	-1.4019	-3.1866	-3.7562	-3.6809	-1.4899	-2.9352	-4.2973	-2.6159	-3.1093	-1.7947
1790.8	-1.8771	-2.1074	-1.4814	-1.5286	-4.5086	-4.3664	-3.7364	-2.7105	-5.8033	-4.1196	-2.9675
1805.7	-2.463	-4.097	-1.3743	-2.0471	-1.3342	-4.6257	-2.8215	-5.6809	-1.05	-5.7932	-1.1382
1809.2	-5.3317	-2.0729	-1.5236	-4.6899	-3.6274	-3.4648	-5.4919	-4.8647	-3.5939	-2.3705	-4.6553
1815	-4.4603	-2.6771	-4.5564	-2.3179	-3.8574	-5.5277	-3.9039	-5.1366	-5.3927	-3.7222	-2.3768
1826.1	-1.1825	-1.7571	-1.1785	-1.0668	-3.7841	-2.3842	-4.9513	-1.3423	-4.5551	-5.9309	-4.7024
1827.8	-3.4132	-3.6761	-4.8126	-2.2308	-2.4721	-4.1924	-4.3396	-4.164	-4.1126	-2.8304	-3.1429
1836.9	-1.4986	-4.2649	-2.2708	-2.2832	-3.9545	-4.5682	-4.5171	-1.2481	-5.7063	-3.9335	-4.2353
1841	-4.9767	-2.6683	-5.629	-4.5871	-2.9235	-1.8868	-2.8003	-1.6292	-4.2002	-4.7539	-3.0048
1841.4	-2.0617	-4.794	-2.7391	-1.09	-1.3532	-4.9305	-4.1312	-4.6633	-5.1283	-1.1975	-4.0156
1842.3	-2.6181	-3.9534	-5.0115	-2.627	-3.479	-5.9235	-3.8396	-2.1523	-5.4434	-3.4527	-2.6553
1864.2	-3.9589	-4.1244	-2.4895	-1.6562	-2.6317	-3.0631	-4.2424	-1.2497	-3.2706	-3.5207	-2.9913
1869.1	-3.3406	-4.2687	-5.0526	-2.5877	-2.3531	-4.512	-2.9865	-5.5566	-5.6343	-4.7665	-1.007
1887	-5.4951	-5.7801	-5.9151	-1.5326	-3.3086	-4.6852	-3.7687	-5.3972	-4.2647	-3.5856	-3.403
1897.6	-3.428	-1.7727	-4.748	-1.3288	-3.9835	-3.3499	-2.967	-2.3207	-2.7692	-3.497	-1.1463
1905.4	-5.3415	-3.8523	-4.706	-1.6203	-3.0981	-3.7929	-2.602	-5.2171	-3.9271	-3.082	-1.3773
1908	-3.083	-2.9173	-1.7764	-1.5996	-3.7722	-3.9795	-4.7705	-1.1061	-4.0575	-4.1371	-3.1928
1920.8	-2.9887	-5.9933	-4.3692	-3.2862	-2.422	-1.0099	-1.0012	-2.2641	-3.4813	-5.9552	-5.8295
1921.4	-3.4381	-4.9052	-4.062	-2.0543	-2.6475	-3.7496	-2.3373	-1.2783	-4.2838	-2.8737	-1.2708
1935.5	-3.1568	-3.0176	-5.4264	-1.2638	-3.0812	-3.4385	-4.9111	-3.0369	-4.0032	-2.9402	-5.759
1936.1	-5.3409	-4.5518	-4.7581	-2.2972	-3.4015	-3.1401	-3.5285	-1.5909	-5.9801	-4.5585	-1.4825
1938.6	-5.102	-2.6296	-1.0343	-3.198	-4.8164	-5.2677	-1.2773	-2.3742	-1.5987	-4.2774	-5.7765
1948.9	-4.2443	-1.845	-1.8695	-2.7295	-2.9515	-3.2854	-3.4061	-4.5837	-1.3151	-3.7683	-2.0628
1958.2	-3.2798	-2.2696	-2.2575	-3.4537	-1.305	-2.9212	-4.703	-1.3347	-2.3785	-4.9559	-4.9997
1973.1	-5.7794	-4.5749	-3.2993	-1.5047	-1.1193	-5.1735	-4.1358	-4.3098	-5.0834	-5.9074	-4.6996
1977.8	-5.5278	-1.0739	-1.19	-1.508	-4.2871	-2.9042	-2.0278	-1.8552	-5.6148	-3.0173	-1.0342
1978.2	-5.8339	-5.3128	-3.3166	-1.5632	-2.1768	-4.515	-1.2772	-3.1296	-4.8743	-1.0123	-5.6957
1978.7	-4.0429	-2.7741	-4.9151	-1.8276	-3.2683	-3.2658	-2.1292	-3.7707	-4.046	-2.2157	-4.1079
1985.4	-1.1098	-5.5877	-5.7832	-1.761	-4.0334	-2.7142	-4.0003	-2.9443	-4.899	-4.1589	-1.9561
1994.1	-1.4714	-2.5566	-4.2994	-1.4754	-4.6729	-2.1028	-1.213	-2.9709	-3.5937	-4.92	-5.2881
1998.3	-5.4725	-2.0221	-2.2141	-2.8587	-3.397	-3.3057	-4.7599	-5.6037	-1.1872	-1.5334	-5.9656
2002.9	-4.9563	-5.51	-2.4648	-1.0784	-3.8074	-4.0826	-1.4627	-1.2927	-3.6674	-4.5975	-5.9172
2003.5	-5.9779	-1.0195	-3.5061	-1.1048	-3.5596	-1.8525	-3.724	-1.6323	-5.2222	-4.0019	-1.7249
2023.1	-2.3567	-1.7434	-5.6009	-1.0462	-1.6579	-3.5102	-4.8599	-4.1127	-5.2753	-3.0652	-3.4763
2026.4	-2.6867	-4.2944	-3.3391	-1.6949	-1.2581	-5.1949	-2.1113	-5.6085	-3.8752	-3.0818	-5.1718
2046.2	-2.5617	-2.9045	-2.8002	-1.8342	-2.2727	-1.2386	-5.0737	-1.3761	-3.2868	-5.3225	-3.7969
2048.1	-3.7188	-2.1968	-3.3086	-1.092	-1.4723	-1.2265	-5.683	-2.7101	-3.0915	-5.7425	-4.3347
2077.9	-1.8997	-4.2864	-2.5134	-1.9569	-1.7005	-5.2132	-1.2326	-1.3248	-3.6219	-5.0051	-5.201
2083.6	-4.4543	-2.5173	-3.7508	-2.0234	-3.7107	-3.9514	-1.4227	-1.9191	-5.2139	-4.5525	-2.4726
2091.4	-4.662	-5.717	-2.084	-1.4979	-4.387	-5.006	-1.039	-4.9316	-5.331	-1.8585	-5.8412
2103.8	-5.3904	-1.8997	-4.9496	-1.6305	-1.1504	-5.0921	-2.0158	-5.981	-3.7034	-3.4371	-3.0787
2104.6	-1.1044	-4.8253	-5.1077	-1.9331	-4.5943	-4.6763	-3.5151	-1.7393	-3.4659	-3.4517	-3.6072
2105.3	-3.3317	-2.4967	-1.149	-4.2084	-5.3095	-5.619	-1.9078	-4.098	-2.6518	-3.7349	-4.0072
2120.6	-3.214	-3.026	-5.8469	-3.4085	-3.0503	-1.8875	-1.8516	-2.6449	-5.8363	-4.5445	-1.8846
2143.2	-4.1367	-5.8792	-5.4551	-1.6208	-2.5705	-1.3784	-4.4809	-5.8588	-4.3658	-3.1206	-4.6612
2164.4	-1.6988	-1.4984	-2.5977	-4.163	-3.698	-2.2793	-5.5007	-5.9699	-2.8619	-2.759	-5.9595
2165.2	-1.8668	-4.5012	-5.0306	-1.8844	-1.8494	-2.7362	-3.2891	-1.8274	-5.8859	-5.5738	-2.3045
2223.6	-3.0119	-4.4405	-2.9392	-2.6154	-2.9092	-2.0515	-1.8639	-1.9236	-5.5096	-5.6152	-4.8553
2249.9	-2.8892	-1.0255	-5.8786	-3.1163	-2.8406	-4.2573	-1.2112	-2.0298	-2.0311	-2.0826	-4.6941
2254.9	-5.0779	-1.2143	-3.7988	-3.7345	-3.482	-3.4712	-2.8799	-1.6499	-2.0126	-4.4589	-1.3029
2270.6	-4.287	-2.2197	-5.9266	-2.6061	-2.5893	-3.1116	-2.1951	-2.6945	-1.4369	-2.8664	-4.2943
2293.8	-2.3887	-1.4258	-3.9926	-3.2381	-3.3057	-5.9807	-3.5999	-1.3724	-1.8207	-2.745	-5.6726
2310.1	-3.0084	-3.0465	-5.2465	-1.5659	-1.8253	-1.582	-4.2386	-2.9211	-4.1543	-5.6525	-3.7905
2423	-3.9881	-1.8764	-5.0617	-1.0477	-1.704	-1.3489	-2.7644	-3.724	-2.832	-3.8374	-5.2633
2446.8	-2.3694	-5.4125	-1.6982	-1.1391	-5.834	-4.39	-2.2723	-5.2806	-5.1046	-2.0318	-4.6043
2526.9	-1.7717	-3.1371	-5.9858	-1.5733	-3.3904	-3.4501	-1.096	-1.5647	-3.6748	-1.45	-1.2051
2575.3	-1.016	-5.9697	-5.1251	-3.4218	-3.0862	-1.7251	-2.9599	-1.7094	-1.7509	-2.5779	-5.7799
2609.6	-4.792	-2.4165	-2.9419	-3.7972	-1.3989	-5.7313	-5.7715	-2.0076	-1.5654	-5.74	-1.9032
3116.6	-1.0163	-2.9603	-5.3135	-2.6689	-5.9662	-5.1791	-3.2804	-1.7997	-5.3135	-1.2396	-3.4447
